TCRs,AttentionWeights
CAASGGGAQKLVF,0.04915391653776169
CASSWGSSPAETQYF,0.018128717318177223
CASSVDFGRTYNEQFF,0.13783550262451172
CAVVRGDTDKLIF,0.0008371059084311128
CASSLYVYSYEQYF,0.00809427723288536
CASSQNPGQGIYSPLHF,0.06677557528018951
CAMREGDRNQFYF,0.001116432249546051
CASSSAGLPEQYF,0.019577687606215477
CASSFGPGYEQYF,0.03672249615192413
CASRGTGTGSYEQYF,0.0033385343849658966
CAMRAGYNTDKLIF,0.03192800655961037
CASSLKTDSTPLQETQYF,0.01141382846981287
CASSPWEMNTEAFF,0.015153158456087112
CARMSTDSWGKLQF,0.017887191846966743
CAVREGFKTIF,0.012070205993950367
CASSFSGGNEQFF,0.06792482733726501
CASGRSGGVGRNGYTF,0.013800770044326782
CASGGGNMLTF,0.01575838215649128
CASSRGGLTDTQYF,0.1193409413099289
CAVTDNNAGNMLTF,0.013622164726257324
CAVNKPNQAGTALIF,0.005879934877157211
CASSQGWGVETQYF,0.010758105665445328
CASSFSSLDNYGYTF,0.005908881779760122
CAVVLTDSWGKLQF,0.0039084292948246
CALSDPGFGNVLHC,0.0108443358913064
CALRGFQDSNYQLIW,0.0005047015147283673
CAMEGNEKLTF,0.0014546019956469536
CASSYVNGGAIGGELFF,0.06677557528018951
CASSLVRDRHTEAFF,0.011254999786615372
CAVNSGYSTLTF,0.006960611790418625
CATLGDNDMRF,0.0017195523250848055
CATDLWSGAGNMLTF,0.004325672052800655
CAYSPYNNNDMRF,0.003970140591263771
CAVDIATFGNEKLTF,0.04541614651679993
CGMDSSYKLIF,0.06960699707269669
CILRDPYNTDKLIF,0.06339272111654282
CAVYGDYGGSQGNLIF,0.0017617862904444337
CASSPTLADEQYF,0.015354979783296585
CSARVQGAYEQYF,0.0017983780708163977
CSATDVWGYTF,0.0018707594135776162
CAFMKQSYRDDKIIF,0.006052936892956495
